{
  "data": "a4b3a49e-062b-4e3f-8915-02f40607651f.h5ad (CZ CELLxGENE) -- tissue=liver (8000 cells, 2000 genes, 23 cell types)",
  "scale_axis": {
    "lambda_range": [
      6.909086810889644e-15,
      112.18332079062336
    ],
    "s_range": [
      0.0,
      4.729008812074044
    ],
    "hl_ratio": 2.5986908288535426
  },
  "signal_structure": {
    "F_celltype_low_lam": 565.1289723978925,
    "F_celltype_high_lam": 90.1454837734548,
    "ct_F_ratio": 6.269076857461267,
    "intra_noise_ratio": 10.492706000126594,
    "confirmed": true
  },
  "flow_preservation": {
    "sep_T0": 0.48815247599355754,
    "sep_T12": 0.5176449015941539,
    "sep_retention": 1.0604164212001768,
    "energy_drop_pct": 49.518095180597975,
    "energy_monotone": true,
    "n_marker_up": 15,
    "n_marker_total": 15,
    "confirmed": true
  },
  "marker_genes_found": "15/31",
  "marker_genes_flow": {
    "ALB": {
      "F_before": 118.0334701538086,
      "F_after": 135.9176186664883,
      "s": 4.570909432388854
    },
    "APOA1": {
      "F_before": 151.65557861328125,
      "F_after": 191.0162498561415,
      "s": 4.645964750617481
    },
    "TTR": {
      "F_before": 183.7594451904297,
      "F_after": 322.04562231591404,
      "s": 4.645416769654816
    },
    "MARCO": {
      "F_before": 477.1631774902344,
      "F_after": 542.92045254348,
      "s": 4.686244594703557
    },
    "CD163": {
      "F_before": 1295.1171875,
      "F_after": 1618.8619885800522,
      "s": 4.5203529882155795
    },
    "VSIG4": {
      "F_before": 740.2300415039062,
      "F_after": 876.5606827049588,
      "s": 4.593387414768414
    },
    "DCN": {
      "F_before": 186.8938446044922,
      "F_after": 190.8037865400342,
      "s": 4.689438916786111
    },
    "ACTA2": {
      "F_before": 240.32476806640625,
      "F_after": 243.8442174981281,
      "s": 4.65999225394596
    },
    "STAB2": {
      "F_before": 435.2778625488281,
      "F_after": 482.1821341691698,
      "s": 4.62134435057439
    },
    "LYVE1": {
      "F_before": 489.3254699707031,
      "F_after": 548.3474125424565,
      "s": 4.625478113161915
    },
    "KRT7": {
      "F_before": 1097.082763671875,
      "F_after": 1117.9211919758295,
      "s": 4.622208634024707
    },
    "CD3D": {
      "F_before": 461.3608093261719,
      "F_after": 478.6517422394793,
      "s": 4.555198229864202
    },
    "TRAC": {
      "F_before": 265.7422790527344,
      "F_after": 279.28301788815844,
      "s": 3.699095233428655
    },
    "NKG7": {
      "F_before": 656.1224365234375,
      "F_after": 694.6629552477291,
      "s": 4.663196797954724
    },
    "GNLY": {
      "F_before": 217.18267822265625,
      "F_after": 227.68379667612598,
      "s": 4.65174676085399
    }
  }
}