{
  "data": "fddf43a3-b7c8-49e9-ac0a-5e24b390849f.h5ad (CZ CELLxGENE) -- tissue=lung (8000 cells, 2000 genes, 30 cell types)",
  "scale_axis": {
    "lambda_range": [
      2.0940873783008817e-14,
      223.14097970984741
    ],
    "s_range": [
      0.0,
      5.4122752275871475
    ],
    "hl_ratio": 3.1368609020682827
  },
  "signal_structure": {
    "F_celltype_low_lam": 1537.3018834657587,
    "F_celltype_high_lam": 113.71377195854863,
    "ct_F_ratio": 13.519047371914585,
    "intra_noise_ratio": 3.93538051781307,
    "confirmed": true
  },
  "flow_preservation": {
    "sep_T0": 0.8655222354559013,
    "sep_T12": 0.8927498250019562,
    "sep_retention": 1.0314579896733465,
    "energy_drop_pct": 48.00243740461252,
    "energy_monotone": true,
    "n_marker_up": 23,
    "n_marker_total": 23,
    "confirmed": true
  },
  "marker_genes_found": "23/30",
  "marker_genes_flow": {
    "SFTPC": {
      "F_before": 1278.1927490234375,
      "F_after": 1310.928850200425,
      "s": 4.988796605846376
    },
    "SFTPB": {
      "F_before": 1920.7806396484375,
      "F_after": 1997.6932157740512,
      "s": 4.985074209555447
    },
    "SFTPA1": {
      "F_before": 2048.8056640625,
      "F_after": 2104.7896838800075,
      "s": 5.25773420383844
    },
    "NAPSA": {
      "F_before": 2932.522216796875,
      "F_after": 3039.209593320473,
      "s": 5.204151962532682
    },
    "AGER": {
      "F_before": 483.9605712890625,
      "F_after": 493.842428351244,
      "s": 4.739848581953441
    },
    "CAV1": {
      "F_before": 524.5711669921875,
      "F_after": 702.9514725247369,
      "s": 5.345157118554289
    },
    "TPPP3": {
      "F_before": 186.42669677734375,
      "F_after": 189.4784583158133,
      "s": 5.049764424202464
    },
    "SCGB1A1": {
      "F_before": 246.91783142089844,
      "F_after": 249.77671710573773,
      "s": 5.099461302557725
    },
    "SCGB3A1": {
      "F_before": 425.79595947265625,
      "F_after": 442.5951513308263,
      "s": 5.046622284749641
    },
    "PECAM1": {
      "F_before": 706.8460693359375,
      "F_after": 775.6275409994907,
      "s": 4.272253452959045
    },
    "VWF": {
      "F_before": 576.550048828125,
      "F_after": 848.1816306242303,
      "s": 5.333397342637348
    },
    "CLDN5": {
      "F_before": 930.607666015625,
      "F_after": 2186.5686046207775,
      "s": 4.871818944556155
    },
    "COL1A2": {
      "F_before": 874.32373046875,
      "F_after": 893.9502385507176,
      "s": 5.017791636270415
    },
    "MARCO": {
      "F_before": 1077.07568359375,
      "F_after": 1114.474084121907,
      "s": 5.385399802140782
    },
    "MRC1": {
      "F_before": 1193.2115478515625,
      "F_after": 1239.2032619701572,
      "s": 4.293064097533067
    },
    "CD3D": {
      "F_before": 789.1845703125,
      "F_after": 802.4111463152859,
      "s": 5.000505329181433
    },
    "CD3E": {
      "F_before": 665.946044921875,
      "F_after": 678.074798615574,
      "s": 4.773752553096728
    },
    "TRAC": {
      "F_before": 407.53912353515625,
      "F_after": 414.81040281836306,
      "s": 3.823611220940091
    },
    "NKG7": {
      "F_before": 363.09698486328125,
      "F_after": 367.8282753176456,
      "s": 5.347264362628622
    },
    "GNLY": {
      "F_before": 354.9720764160156,
      "F_after": 358.22862867885203,
      "s": 5.306537631038486
    },
    "KLRD1": {
      "F_before": 219.841552734375,
      "F_after": 222.24723070971044,
      "s": 5.189670762857091
    },
    "CD79A": {
      "F_before": 1589.26318359375,
      "F_after": 1595.0731147294985,
      "s": 5.347264362628622
    },
    "MS4A1": {
      "F_before": 1370.26171875,
      "F_after": 1376.0227976213612,
      "s": 5.060477384103617
    }
  }
}