{
  "data": "TS_Lung.h5ad -- tissue=lung (8000 cells, 2000 genes, 33 cell types)",
  "scale_axis": {
    "lambda_range": [
      1.3929337757575221e-14,
      171.40055232242366
    ],
    "s_range": [
      0.0,
      5.149820561950816
    ],
    "hl_ratio": 2.64876019566091
  },
  "signal_structure": {
    "F_celltype_low_lam": 362.4676835118991,
    "F_celltype_high_lam": 61.11247926530387,
    "ct_F_ratio": 5.931156482903989,
    "intra_noise_ratio": 2.149381159189573,
    "confirmed": true
  },
  "flow_preservation": {
    "sep_T0": 0.481035896330742,
    "sep_T12": 0.4848699733949361,
    "sep_retention": 1.0079704593616232,
    "energy_drop_pct": 38.20119052223202,
    "energy_monotone": true,
    "n_marker_up": 10,
    "n_marker_total": 10,
    "confirmed": true
  },
  "marker_genes_found": "10/30",
  "marker_genes_flow": {
    "SFTPC": {
      "F_before": 5712.5126953125,
      "F_after": 8141.307341028023,
      "s": 4.969785509585422
    },
    "SFTPB": {
      "F_before": 2770.318603515625,
      "F_after": 8475.02931615843,
      "s": 5.074328967233285
    },
    "SFTPA1": {
      "F_before": 5948.95654296875,
      "F_after": 7815.4540634684245,
      "s": 4.920872470551441
    },
    "NAPSA": {
      "F_before": 6226.21826171875,
      "F_after": 8013.953001451552,
      "s": 4.267850951490661
    },
    "TPPP3": {
      "F_before": 124.76411437988281,
      "F_after": 129.02135458208022,
      "s": 4.569871682269666
    },
    "SCGB1A1": {
      "F_before": 201.86053466796875,
      "F_after": 202.45939027389076,
      "s": 4.898544428648494
    },
    "SCGB3A1": {
      "F_before": 200.6919708251953,
      "F_after": 218.78522691620466,
      "s": 5.015032171797049
    },
    "CLDN5": {
      "F_before": 633.3411865234375,
      "F_after": 640.8479963754748,
      "s": 3.863993108729107
    },
    "MARCO": {
      "F_before": 1061.4874267578125,
      "F_after": 1439.5430120482038,
      "s": 5.069528329884593
    },
    "MRC1": {
      "F_before": 964.2433471679688,
      "F_after": 1280.853996538712,
      "s": 4.930981921303109
    }
  }
}